﻿<?xml version="1.0" encoding="utf-8"?>
<abapGit version="v1.0.0" serializer="LCL_OBJECT_FUGR" serializer_version="v1.0.0">
 <asx:abap xmlns:asx="http://www.sap.com/abapxml" version="1.0">
  <asx:values>
   <AREAT>Background FMs</AREAT>
   <INCLUDES>
    <SOBJ_NAME>LZTHREAD_BGTOP</SOBJ_NAME>
    <SOBJ_NAME>SAPLZTHREAD_BG</SOBJ_NAME>
   </INCLUDES>
   <FUNCTIONS>
    <item>
     <FUNCNAME>ZTHREAD_START</FUNCNAME>
     <REMOTE_CALL>R</REMOTE_CALL>
     <SHORT_TEXT>Bg thread start</SHORT_TEXT>
     <IMPORT>
      <RSIMP>
       <PARAMETER>IV_RUNNABLE</PARAMETER>
       <TYP>STRING</TYP>
      </RSIMP>
     </IMPORT>
     <EXPORT>
      <RSEXP>
       <PARAMETER>EV_RESULT</PARAMETER>
       <TYP>STRING</TYP>
      </RSEXP>
      <RSEXP>
       <PARAMETER>EV_ERROR</PARAMETER>
       <TYP>STRING</TYP>
      </RSEXP>
     </EXPORT>
     <DOCUMENTATION>
      <RSFDO>
       <PARAMETER>IV_RUNNABLE</PARAMETER>
       <KIND>P</KIND>
      </RSFDO>
      <RSFDO>
       <PARAMETER>EV_RESULT</PARAMETER>
       <KIND>P</KIND>
      </RSFDO>
      <RSFDO>
       <PARAMETER>EV_ERROR</PARAMETER>
       <KIND>P</KIND>
      </RSFDO>
     </DOCUMENTATION>
    </item>
   </FUNCTIONS>
  </asx:values>
 </asx:abap>
</abapGit>
