﻿<?xml version="1.0" encoding="utf-8"?>
<abapGit version="v1.0.0" serializer="LCL_OBJECT_MSAG" serializer_version="v1.0.0">
 <asx:abap xmlns:asx="http://www.sap.com/abapxml" version="1.0">
  <asx:values>
   <T100A>
    <ARBGB>ZTHREAD</ARBGB>
    <MASTERLANG>E</MASTERLANG>
    <STEXT>Threads message class</STEXT>
   </T100A>
   <T100>
    <T100>
     <SPRSL>E</SPRSL>
     <ARBGB>ZTHREAD</ARBGB>
     <MSGNR>001</MSGNR>
     <TEXT>Not a runnable</TEXT>
    </T100>
    <T100>
     <SPRSL>E</SPRSL>
     <ARBGB>ZTHREAD</ARBGB>
     <MSGNR>002</MSGNR>
     <TEXT>Thread still running</TEXT>
    </T100>
    <T100>
     <SPRSL>E</SPRSL>
     <ARBGB>ZTHREAD</ARBGB>
     <MSGNR>003</MSGNR>
     <TEXT>Unable to start a thread.</TEXT>
    </T100>
    <T100>
     <SPRSL>E</SPRSL>
     <ARBGB>ZTHREAD</ARBGB>
     <MSGNR>004</MSGNR>
     <TEXT>&amp;1&amp;2&amp;3&amp;4</TEXT>
    </T100>
   </T100>
  </asx:values>
 </asx:abap>
</abapGit>
